URL,Game name,Game genre,Developer name,Developer URL,Publisher name,Publisher URL,App ID,User review scores,Release date,Last update date,Supported languages,platform/systems
http://store.steampowered.com/app/323460,Raiden IV: OverKill,Action,Moss Ltd.,http://www.mossjp.co.jp/,"H2 Interactive Co., Ltd.","http://store.steampowered.com/search/?publisher=H2 Interactive Co., Ltd.",323460,,Fall 2015,Unknown,English,Windows
http://store.steampowered.com/app/356790,Galacide,"Action, Indie, Early Access",Puny Human,http://galaci.de,Puny Human,http://store.steampowered.com/search/?publisher=Puny Human,356790,100,"28 Jul, 2015",10 July,English,Windows
http://store.steampowered.com/app/327860,Salt,"Action, Adventure, Indie, RPG, Early Access",Lavaboots Studios,https://saltthegame.com,Lavaboots Studios,http://store.steampowered.com/search/?publisher=Lavaboots Studios,327860,90,"22 Aug, 2014",19 June,English,Windows
http://store.steampowered.com/app/325730,The Hive,"Action, Adventure, Indie, RPG, Strategy, Early Access",Skydome Entertainment,https://www.facebook.com/SkydomeEntertainment,Skydome Entertainment,http://store.steampowered.com/search/?publisher=Skydome Entertainment,325730,75,"9 Oct, 2014",7 July,English,"Windows, Mac OS X, SteamOS + Linux"
http://store.steampowered.com/app/330580,Shark Attack Deathmatch 2,"Action, Indie, Early Access",Lighthouse Games Studio,,Lighthouse Games Studio,http://store.steampowered.com/search/?publisher=Lighthouse Games Studio,330580,91,"28 Jun, 2015",10 July,English,Windows
http://store.steampowered.com/app/234310,March of War,"Action, Free to Play, Massively Multiplayer, Strategy",ISOTX,http://marchofwar.isotx.com/,ISOTX,http://store.steampowered.com/search/?publisher=ISOTX,234310,64,"10 Jun, 2014",1 July,English,"Windows, Mac OS X"
http://store.steampowered.com/app/316370,Wave of Darkness,"Action, Indie, RPG, Early Access",Dreamatrix,http://www.dreamatrix.net/site/index.php,Dreamatrix ,http://store.steampowered.com/search/?publisher=Dreamatrix ,316370,75,"23 Jun, 2015",10 July,English,Windows
http://store.steampowered.com/app/226320,Marvel Heroes 2015,"Action, Free to Play, Massively Multiplayer, RPG",Gazillion Entertainment,https://marvelheroes.com/?pcode=steamh,Gazillion Entertainment,http://store.steampowered.com/search/?publisher=Gazillion Entertainment,226320,81,"4 Jun, 2014",9 July,"English, German, French, Portuguese, Spanish, Russian","Windows, Mac OS X"
http://store.steampowered.com/app/293460,I Shall Remain,"Action, Indie, RPG, Early Access",Scorpius Games,http://www.ishallremain.com,Scorpius Games,http://store.steampowered.com/search/?publisher=Scorpius Games,293460,88,"9 May, 2014",10 July,English,Windows
http://store.steampowered.com/app/355130,MotoGP15,"Racing, Simulation, Sports",Milestone S.r.l.,http://motogpvideogame.com/,Milestone S.r.l.,http://store.steampowered.com/search/?publisher=Milestone S.r.l.,355130,78,"23 Jun, 2015",3 July,"English, French, Italian, German, Spanish, Polish, Portuguese-Brazil",Windows
http://store.steampowered.com/app/268650,From the Depths,"Action, Adventure, Indie, RPG, Simulation, Strategy, Early Access",Brilliant Skies Ltd.,http://www.fromthedepthsgame.com,Brilliant Skies Ltd.,http://store.steampowered.com/search/?publisher=Brilliant Skies Ltd.,268650,90,"7 Aug, 2014",8 July,English,"Windows, Mac OS X, SteamOS + Linux"
http://store.steampowered.com/app/227520,Total War: ARENA,"Free to Play, Massively Multiplayer, Strategy",Creative Assembly,http://wiki.totalwar.com/w/Total_War_Arena,SEGA,http://store.steampowered.com/search/?publisher=SEGA,227520,88,,3 July,English,Windows
http://store.steampowered.com/app/330110,Wild Frontera,"Action, Indie",Tamarin Studios,http://www.tamarinstudios.com/wf,Tamarin Studios,http://store.steampowered.com/search/?publisher=Tamarin Studios,330110,83,"21 Apr, 2015",20 May,"English, French","Windows, Mac OS X, SteamOS + Linux"
http://store.steampowered.com/app/377150,Tactical Genius,"Indie, Strategy, Early Access",Pixeltales.ru,http://tactical-genius.com/,Pixeltales.ru,http://store.steampowered.com/search/?publisher=Pixeltales.ru,377150,95,"24 Jun, 2015",7 July,"English, Russian",Windows
http://store.steampowered.com/app/380700,Zombie Killtime,"Action, Adventure, Casual, Indie",Kneel,http://www.kneelbros.com,Kneel,http://store.steampowered.com/search/?publisher=Kneel,380700,,"4 Aug, 2015",Unknown,English,"Windows, Mac OS X"
http://store.steampowered.com/app/352950,Better Late Than DEAD,"Action, Adventure, Indie, Early Access",Odin Game Studio,,Merge Games,http://store.steampowered.com/search/?publisher=Merge Games,352950,,"23 Jul, 2015",7 July,"English, Portuguese-Brazil",Windows
http://store.steampowered.com/app/204300,Awesomenauts,"Action, Indie, Strategy",Ronimo Games,http://www.awesomenauts.com/,Ronimo Games,http://store.steampowered.com/search/?publisher=Ronimo Games,204300,90,"1 Aug, 2012",10 July,"English, German, French, Italian, Spanish, Dutch, Portuguese-Brazil, Russian","Windows, Mac OS X, SteamOS + Linux"
http://store.steampowered.com/app/263060,Blockstorm,"Action, Indie",GhostShark,http://www.playblockstorm.com,IndieGala,http://store.steampowered.com/search/?publisher=IndieGala,263060,85,"21 May, 2015",17 June,English,"Windows, Mac OS X, SteamOS + Linux"
http://store.steampowered.com/app/333950,Medieval Engineers,"Action, Indie, Simulation, Strategy, Early Access",Keen Software House,http://www.medievalengineers.com/,Keen Software House,http://store.steampowered.com/search/?publisher=Keen Software House,333950,84,"19 Feb, 2015",7 July,English,Windows
http://store.steampowered.com/app/300610,Pure Pool,"Casual, Simulation, Sports",VooFoo Studios,http://www.ripstone.com/,Ripstone,http://store.steampowered.com/search/?publisher=Ripstone,300610,53,"31 Jul, 2014",28 January,"English, French, Italian, German, Spanish, Dutch, Portuguese, Portuguese-Brazil, Russian",Windows
http://store.steampowered.com/app/383010,JamG,"Action, Casual, Indie, Early Access",Ernő Király,,Ernő Király,http://store.steampowered.com/search/?publisher=Ernő Király,383010,,"6 Jul, 2015",9 July,English,Windows
http://store.steampowered.com/app/312210,The Fifth Day,"Action, Adventure, Indie, Early Access",Touz,,Touz,http://store.steampowered.com/search/?publisher=Touz,312210,57,"25 Jul, 2014",27 June,English,"Windows, Mac OS X"
http://store.steampowered.com/app/354230,Devouring Stars,"Indie, Strategy",Nerial,http://www.devouringstars.com/,BulkyPix,http://store.steampowered.com/search/?publisher=BulkyPix,354230,91,"3 Jul, 2015",9 July,"English, French","Windows, Mac OS X, SteamOS + Linux"
http://store.steampowered.com/app/241990,Sorcerer King,"Strategy, Early Access",Stardock Entertainment,http://sorcererking.com,Stardock Entertainment,http://store.steampowered.com/search/?publisher=Stardock Entertainment,241990,79,"2 Oct, 2014",6 July,English,Windows
http://store.steampowered.com/app/365190,Lethal Tactics,"Strategy, Early Access",SkyBox Labs,http://skyboxlabs.com,SkyBox Labs,http://store.steampowered.com/search/?publisher=SkyBox Labs,365190,94,"20 May, 2015",9 July,English,Windows
http://store.steampowered.com/app/307880,Savage Lands,"Action, Adventure, Indie, Simulation, Early Access",Signal Studios,http://www.savagelandsgame.com,Signal Studios,http://store.steampowered.com/search/?publisher=Signal Studios,307880,80,"5 Mar, 2015",10 July,English,"Windows, Mac OS X, SteamOS + Linux"
http://store.steampowered.com/app/314590,room13,"Action, Indie, Early Access",The Paper Robot,http://thepaperrobot.com/,Clickteam,http://store.steampowered.com/search/?publisher=Clickteam,314590,92,"15 May, 2015",29 June,English,Windows
http://store.steampowered.com/app/285110,GearCity,"Indie, Simulation, Strategy, Early Access",Visual Entertainment And Technologies,http://www.gearcity.info/,KISS ltd,http://store.steampowered.com/search/?publisher=KISS ltd,285110,78,"30 May, 2014",10 July,English,"Windows, SteamOS + Linux"
http://store.steampowered.com/app/292400,Unrest,"Adventure, Indie, RPG",Pyrodactyl,http://pyrodactyl.com,KISS ltd,http://store.steampowered.com/search/?publisher=KISS ltd,292400,70,"23 Jul, 2014",10 July,English,"Windows, Mac OS X, SteamOS + Linux"
http://store.steampowered.com/app/48700,Mount & Blade: Warband,"Action, RPG",TaleWorlds Entertainment,http://www.taleworlds.com/en/Games/Warband,Paradox Interactive,http://store.steampowered.com/search/?publisher=Paradox Interactive,48700,97,"31 Mar, 2010",3 April,"English, Czech, French, German, Hungarian, Polish, Simplified Chinese, Traditional Chinese","Windows, Mac OS X, SteamOS + Linux"
http://store.steampowered.com/app/354200,Aberoth,"Action, Adventure, Free to Play, Indie, Massively Multiplayer, RPG",Jarbit,http://www.aberoth.com,Jarbit,http://store.steampowered.com/search/?publisher=Jarbit,354200,,"17 Jul, 2015",Unknown,English,"Windows, Mac OS X, SteamOS + Linux"
http://store.steampowered.com/app/365350,How to Take Off Your Mask,"Adventure, Casual, Indie, Simulation",Chu-3,http://eroolia.roseverte.net/mask/en/,roseVeRte,http://store.steampowered.com/search/?publisher=roseVeRte,365350,,"19 Jun, 2015",2 July,"English, Japanese, German","Windows, Mac OS X"
http://store.steampowered.com/app/108200,Ticket to Ride,"Casual, Indie, Strategy",Days of Wonder,http://www.daysofwonder.com/online/t2r/steam/,Days of Wonder,http://store.steampowered.com/search/?publisher=Days of Wonder,108200,94,"24 May, 2012",Unknown,"English, French, German","Windows, Mac OS X, SteamOS + Linux"
http://store.steampowered.com/app/346940,Shadowrun: Hong Kong,"Adventure, Indie, RPG, Strategy",Harebrained Schemes,http://harebrained-schemes.com/shadowrun/hongkong/,Harebrained Holdings,http://store.steampowered.com/search/?publisher=Harebrained Holdings,346940,,Summer 2015,Unknown,English,"Windows, Mac OS X, SteamOS + Linux"
http://store.steampowered.com/app/351970,Tales of Zestiria,RPG,BANDAI NAMCO Studio Inc.,http://talesofgame.com,BANDAI NAMCO Entertainment,http://store.steampowered.com/search/?publisher=BANDAI NAMCO Entertainment,351970,,"20 Oct, 2015",Unknown,"English, French, Italian, German, Spanish, Japanese, Portuguese-Brazil, Russian",Windows
http://store.steampowered.com/app/286570,F1 2015,"Racing, Sports",Codemasters,http://www.formula1-game.com/,Codemasters,http://store.steampowered.com/search/?publisher=Codemasters,286570,27,"9 Jul, 2015",10 July,"English, French, Italian, German, Spanish, Portuguese-Brazil, Japanese, Polish, Russian",Windows
http://store.steampowered.com/app/359230,Lethis - Path of Progress,"Indie, Simulation, Strategy",Triskell Interactive,http://lethispop.com/,Triskell Interactive,http://store.steampowered.com/search/?publisher=Triskell Interactive,359230,73,"25 Jun, 2015",9 July,"English, French, German",Windows
http://store.steampowered.com/app/310850,Onikira - Demon Killer,"Action, Adventure, Indie, Early Access",Digital Furnace Games,http://www.onikira.com,Merge Games,http://store.steampowered.com/search/?publisher=Merge Games,310850,67,"14 Nov, 2014",19 June,English,Windows
http://store.steampowered.com/app/310380,Fractured Space,"Action, Indie, Strategy, Early Access",Edge Case Games Ltd.,http://www.fracturedspace.com,Edge Case Games Ltd.,http://store.steampowered.com/search/?publisher=Edge Case Games Ltd.,310380,74,"20 Nov, 2014",10 July,English,Windows
http://store.steampowered.com/app/239410,Catan: Creator's Edition,Strategy,United Soft Media,,United Soft Media,http://store.steampowered.com/search/?publisher=United Soft Media,239410,37,"14 Aug, 2013",Unknown,"English, German",Windows
http://store.steampowered.com/app/360390,Nightside,"Strategy, Early Access",OMNIDREAM CREATIONS,http://nightsiderts.com,OMNIDREAM CREATIONS,http://store.steampowered.com/search/?publisher=OMNIDREAM CREATIONS,360390,92,"2 Apr, 2015",10 July,English,"Windows, SteamOS + Linux"
http://store.steampowered.com/app/246900,Viscera Cleanup Detail,"Indie, Simulation, Early Access",RuneStorm,http://www.runestorm.com/viscera,RuneStorm,http://store.steampowered.com/search/?publisher=RuneStorm,246900,94,"4 Apr, 2014",10 July,English,Windows
http://store.steampowered.com/app/244850,Space Engineers,"Action, Indie, Simulation, Strategy, Early Access",Keen Software House,http://www.SpaceEngineersGame.com,Keen Software House,http://store.steampowered.com/search/?publisher=Keen Software House,244850,94,"23 Oct, 2013",9 July,"English, German, Spanish, Czech, Danish, Dutch, Polish, French, Italian, Finnish, Hungarian, Norwegian, Portuguese-Brazil, Swedish, Russian",Windows
